{
    "female": {
        "precision": 0.95,
        "recall": 0.3619047619047619,
        "f1-score": 0.5241379310344828,
        "support": 105.0
    },
    "male": {
        "precision": 0.8290816326530612,
        "recall": 0.9938837920489296,
        "f1-score": 0.9040333796940194,
        "support": 327.0
    },
    "accuracy": 0.8402777777777778,
    "macro avg": {
        "precision": 0.8895408163265306,
        "recall": 0.6778942769768458,
        "f1-score": 0.7140856553642512,
        "support": 432.0
    },
    "weighted avg": {
        "precision": 0.8584715136054422,
        "recall": 0.8402777777777778,
        "f1-score": 0.8116976803670488,
        "support": 432.0
    }
}