{
    "female": {
        "precision": 0.9873417721518988,
        "recall": 0.7428571428571429,
        "f1-score": 0.8478260869565217,
        "support": 105.0
    },
    "male": {
        "precision": 0.9235127478753541,
        "recall": 0.9969418960244648,
        "f1-score": 0.9588235294117647,
        "support": 327.0
    },
    "accuracy": 0.9351851851851852,
    "macro avg": {
        "precision": 0.9554272600136264,
        "recall": 0.8698995194408039,
        "f1-score": 0.9033248081841432,
        "support": 432.0
    },
    "weighted avg": {
        "precision": 0.9390267468314588,
        "recall": 0.9351851851851852,
        "f1-score": 0.93184498437056,
        "support": 432.0
    }
}